chrname,book,chrsex,valence,salience,authrsex,ae,aa,ac,as,ao,zae,zaa,zac,zas,zao
Abel Magwitch (Mr. Provis),-,1,1,2,1,4.5,5,3.5,5,3.5,0.091242735,0.394439243,-0.80569186,0.587067423,-0.593270366
Adam Bede,-,1,1,1,2,3.25,5,7,6.25,3.25,-0.611136536,0.394439243,1.199054778,1.370816401,-0.745213291
Adam Verver,-,1,1,2,1,4.75,4.75,7,7,6.25,0.231718589,0.264041061,1.199054778,1.841065788,1.07810181
Adele Varens,jane_eyre.book,2,1,2,2,7,5.75,2,3.75,4.2475,1.496001277,0.785633788,-1.66486899,-0.196681556,-0.13896102
Admiral Croft,-,1,1,2,2,7,7,5.75,6.25,4.5,1.496001277,1.437624697,0.483073836,1.370816401,0.014501334
Agnes Grey,Agnes_Grey,2,1,1,2,1.5,5.5,7,4,5.5,-1.594467515,0.655235607,1.199054778,-0.03993176,0.622273035
Alan Breck Stewart (Mr. Thomson),-,1,1,2,1,6.5,4,3,3,5.5,1.215049568,-0.127153484,-1.092084237,-0.666930943,0.622273035
Alan Campbell,The_Picture_of_Dorian_Grey.book,1,1,2,1,1,4,7,3.5,4,-1.875419223,-0.127153484,1.199054778,-0.353431352,-0.289384516
Alec d'Urberville,Tess of d'Urbervilles,1,2,1,1,5.333333333,2.666666667,3.5,4.166666667,3.833333333,0.559495582,-0.822610453,-0.80569186,0.064568104,-0.390679799
Alice,alice_in_wonderland.book,2,1,1,1,5.138888889,4.527777778,4.610833333,4.416666667,6.027777778,0.450236585,0.148131567,-0.169423463,0.221317899,0.943041432
Alice Vavasor,-,2,1,1,1,1.75,6.75,5.125,2.875,6.625,-1.453991661,1.307226515,0.125083365,-0.745305841,1.306016198
Allan Quatermain,-,1,1,1,1,5.666666667,4.666666667,7,5.166666667,6.166666667,0.746796721,0.220575001,1.199054778,0.691567286,1.027454168
Alton Locke,-,1,1,1,1,2.5,5.5,6,3,6,-1.032564098,0.655235607,0.626270024,-0.666930943,0.926158885
Amelia Sedley,-,2,1,1,1,1.5,6.5,5.5,3.5,2,-1.594467515,1.176828333,0.339877647,-0.353431352,-1.504927917
Amy Edmonstone,-,2,1,2,2,4,6.5,5.165,3.5,4,-0.189708973,1.176828333,0.147994755,-0.353431352,-0.289384516
Angel Clare,-,1,1,2,1,5,5,5.75,3.5,4.25,0.372194443,0.394439243,0.483073836,-0.353431352,-0.137441591
Anna Tellwright,-,2,1,1,1,1,6.5,6.5,5,5,-1.875419223,1.176828333,0.912662401,0.587067423,0.318387185
Anne Catherick,-,2,2,2,1,3,4.5,2.5,1,5,-0.75161239,0.13364288,-1.378476614,-1.920929308,0.318387185
Anne Elliot,Persuasion,2,1,1,2,1.863484848,6.620909091,6.696818182,5.211969697,5.075151515,-1.390224137,1.239893636,1.025396855,0.719972249,0.364062149
Arabella Donn,-,2,,,1,6.75,4.5,1.5,4.5,5.25,1.355525423,0.13364288,-1.951261367,0.273567831,0.47033011
Archibald Craven,The_Secret_Garden,1,,,2,1,4,4.5,2.5,3,-1.875419223,-0.127153484,-0.232907106,-0.980430534,-0.897156216
Arthur Clennam,-,1,1,1,1,1,6.5,7,5.5,5.5,-1.875419223,1.176828333,1.199054778,0.900567014,0.622273035
Arthur Holmwood,-,1,1,2,1,7,6.5,4.5,4.5,4.5,1.496001277,1.176828333,-0.232907106,0.273567831,0.014501334
Arthur Huntingdon,The_Tenant_of_Wildfell_Hall,1,,,2,6.75,1.5,1.25,5,2.75,1.355525423,-1.431135301,-2.094457556,0.587067423,-1.049099141
Augusta Elton,Emma,2,2,1,2,6.928571429,1.5,4.070714286,2.785714286,3.214285714,1.455865318,-1.431135301,-0.478795418,-0.801287911,-0.766919423
Austin Ruthyn (Maud Ruthyn's father),-,1,1,2,1,1.5,3.5,4,4,4,-1.594467515,-0.387949847,-0.519299483,-0.03993176,-0.289384516
Austin Sloper,-,1,2,1,1,3.5,1,6,7,5,-0.470660681,-1.691931664,0.626270024,1.841065788,0.318387185
Bagheera,-,1,1,2,1,3.5,2.5,7,4,1.5,-0.470660681,-0.909542574,1.199054778,-0.03993176,-1.808813767
Barkis,-,1,1,2,1,3,5.75,6,6,1.75,-0.75161239,0.785633788,0.626270024,1.214066605,-1.656870842
Baroness Beatrix Bernstein (sister of Rachel Esmond),-,2,1,2,1,6.5,4,4,5,4,1.215049568,-0.127153484,-0.519299483,0.587067423,-0.289384516
Baroness Eugenia of Silberstadt-Schr,-,2,1,1,1,4,3.25,4.75,4.75,5.5,-0.189708973,-0.518348029,-0.089710918,0.430317627,0.622273035
Basil Hallward,The_Picture_of_Dorian_Grey.book,1,1,2,1,3.74875,5.75,5.25,2.625,6,-0.330887207,0.785633788,0.196681459,-0.902055636,0.926158885
Becky,-,2,1,2,2,3,7,6.166666667,4.5,4.666666667,-0.75161239,1.437624697,0.72173415,0.273567831,0.115796618
Belinda,-,2,1,1,2,3,6.5,7,5,4.5,-0.75161239,1.176828333,1.199054778,0.587067423,0.014501334
Ben Weatherstaff,The_Secret_Garden,1,1,2,2,1.5,4.5,6,6,3,-1.594467515,0.13364288,0.626270024,1.214066605,-0.897156216
Bertha Rochester,jane_eyre.book,2,2,1,2,3.642857143,2.714285714,2.357142857,1.5,3.714285714,-0.390388765,-0.797772704,-1.460303007,-1.607429717,-0.463033573
Biddy,-,2,1,2,1,2.5,7,6.5,6,1,-1.032564098,1.437624697,0.912662401,1.214066605,-2.112699617
Bill Sikes,oliver_twist.book,1,,,1,4.75,1.5,3.5,2.25,3.5,0.231718589,-1.431135301,-0.80569186,-1.13718033,-0.593270366
Blanche Ingram,jane_eyre.book,2,,,2,6.75,1.75,5,5.5,2,1.355525423,-1.300737119,0.053485271,0.900567014,-1.504927917
Bob Jakin,-,1,1,2,2,7,5,7,7,7,1.496001277,0.394439243,1.199054778,1.841065788,1.533930585
Bradley Headstone,-,1,2,1,1,1.25,1.75,6.25,1.75,2.25,-1.734943369,-1.300737119,0.769466213,-1.450679921,-1.352984991
Burgo Fitzgerald,-,1,2,1,1,6,6,1,5.5,3.5,0.93409786,0.91603197,-2.237653744,0.900567014,-0.593270366
Captain Benwick,Persuasion,1,1,2,2,1,7,4,2,4.75,-1.875419223,1.437624697,-0.519299483,-1.293930126,0.166444259
Captain Frederick Tilney,-,1,2,2,2,4.5,3,6.5,7,5,0.091242735,-0.64874621,0.912662401,1.841065788,0.318387185
Captain Rawdon Crawley,-,1,,,1,4.75,6,2.25,5.5,3.5,0.231718589,0.91603197,-1.521672802,0.900567014,-0.593270366
Captain Tom Mac Whirr,-,1,1,1,1,1,2,5.5,4.5,1.5,-1.875419223,-1.170338937,0.339877647,0.273567831,-1.808813767
Captain Wentworth,Persuasion,1,,,2,4.1875,5.561875,6.436875,5.186875,5.5,-0.084352083,0.687509156,0.876505363,0.704237895,0.622273035
Captain William Dobbin,-,1,1,2,1,3.25,6.5,6.25,6.5,4.75,-0.611136536,1.176828333,0.769466213,1.527566197,0.166444259
Caroline Bingley,pride_and_prejudice,2,2,1,2,5.5,1.5,5,4.25,3.5,0.653146152,-1.431135301,0.053485271,0.116818036,-0.593270366
Caroline Jellyby (Caddy),-,2,1,2,1,5,3.5,6.5,3,5.5,0.372194443,-0.387949847,0.912662401,-0.666930943,0.622273035
Carry Brattle (Jacob Brattle's daughter),-,2,1,2,1,3,6,2.5,2.5,5,-0.75161239,0.91603197,-1.378476614,-0.980430534,0.318387185
Catherine Arrowpoint,Daniel_Deronda,2,1,2,2,1.5,6.5,7,6.5,6.5,-1.594467515,1.176828333,1.199054778,1.527566197,1.230044735
Catherine Earnshaw (later Linton),wuthering_heights,2,1,1,2,6.368421053,2.973684211,3.052368421,2.447368421,6.026315789,1.141114908,-0.662472335,-1.062088404,-1.013430491,0.942152877
Catherine Morland,Northanger_Abbey,2,1,1,2,5.35,5.9995,4.4,3.5,5.35,0.568860639,0.915771174,-0.290185582,-0.353431352,0.53110728
Catherine Sloper,Washington_Sqaure,2,1,1,1,1,6,5,5,2.5,-1.875419223,0.91603197,0.053485271,0.587067423,-1.201042066
Cathy Linton,wuthering_heights,2,1,1,2,1.5,7,4,4.5,4,-1.594467515,1.437624697,-0.519299483,0.273567831,-0.289384516
Cecil Vyse,A_Room_with_a_View,1,2,1,1,5,1.5,7,4.5,2.5,0.372194443,-1.431135301,1.199054778,0.273567831,-1.201042066
Chadwick (Chad) Newsome,The_Ambassadors,1,1,2,1,7,6.5,2.5,5,3.5,1.496001277,1.176828333,-1.378476614,0.587067423,-0.593270366
Charles Darnay (St. Evremonde),a_tale_of_two_cities,1,1,1,1,7,7,4,4,4,1.496001277,1.437624697,-0.519299483,-0.03993176,-0.289384516
Charles Wilcox,Howards_End,1,2,1,1,5.5,1,3.5,1.5,1,0.653146152,-1.691931664,-0.80569186,-1.607429717,-2.112699617
Charlotte Lucas,pride_and_prejudice,2,1,2,2,1.5,5.785714286,6.571428571,6.357142857,1.928571429,-1.594467515,0.8042621,0.953575598,1.437994885,-1.548340181
Charlotte Stant,The_Golden_Bowl,2,,,1,5.25,4,6.5,4.75,6.75,0.512670298,-0.127153484,0.912662401,0.430317627,1.38198766
Christopher Newman,The_American,1,1,1,1,5.166666667,5.5,6.5,5.666666667,5.5,0.465845013,0.655235607,0.912662401,1.005066878,0.622273035
Clara Copperfield,David_Copperfield,2,1,2,1,1.5,6,3.5,2,1.5,-1.594467515,0.91603197,-0.80569186,-1.293930126,-1.808813767
Clare Hyacinth Kirkpatrick Gibson,Wives_and_Daughters,2,,,2,5.5,2,4,3,2.5,0.653146152,-1.170338937,-0.519299483,-0.666930943,-1.201042066
Colin Craven,The_Secret_Garden,1,1,2,2,4.25,1.875,3.125,1.875,5.375,-0.049233119,-1.235538028,-1.020486143,-1.372305024,0.546301572
Colonel Brandon,sense_and_sensibilities,1,1,2,2,1.5,6.5,7,7,3,-1.594467515,1.176828333,1.199054778,1.841065788,-0.897156216
Colonel Guy Mannering,Guy_Mannering,1,1,1,1,4,3.25,7,3.25,6.25,-0.189708973,-0.518348029,1.199054778,-0.510181147,1.07810181
Count Dracula,Dracula,1,2,1,1,3.958333333,3.25,5.041666667,4.333333333,4.541666667,-0.213121616,-0.518348029,0.077351302,0.169067967,0.039825155
Count Fosco,The_Woman_in_White,1,2,1,1,6.75,3,6.5,5.625,6.25,1.355525423,-0.64874621,0.912662401,0.978941912,1.07810181
Cynthia Kirkpatrick,Wives_and_Daughters,2,,,2,5.5,4.5,2.5,4,6.75,0.653146152,0.13364288,-1.378476614,-0.03993176,1.38198766
Daisy Miller,Daisy_Miller,2,1,2,1,6.833333333,6,3,3.666666667,6.333333333,1.402350707,0.91603197,-1.092084237,-0.248931488,1.128749452
Daniel Deronda,Daniel_Deronda,1,1,1,2,4.25,6.75,7,6.25,6.75,-0.049233119,1.307226515,1.199054778,1.370816401,1.38198766
Daniel Quilp,The_Old_Curiosity_Shop,1,2,1,1,7,1,4,4,5.495,1.496001277,-1.691931664,-0.519299483,-0.03993176,0.619234176
David Balfour,Catriona,1,1,1,1,4.5,6,6,6,6,0.091242735,0.91603197,0.626270024,1.214066605,0.926158885
David Copperfield,David_Copperfield,1,1,1,1,4.75,7,4.75,4.75,5.25,0.231718589,1.437624697,-0.089710918,0.430317627,0.47033011
Dickon Sowerby,The_Secret_Garden,1,1,2,2,4.25,7,6.625,7,6.875,-0.049233119,1.437624697,0.984260495,1.841065788,1.457959123
Diggory Venn,Return_of_the_Native,1,1,2,1,1,6.5,7,6.5,6.5,-1.875419223,1.176828333,1.199054778,1.527566197,1.230044735
Disko Troop,Captains_Courageous,1,1,2,1,6,6,6.5,5.5,3.5,0.93409786,0.91603197,0.912662401,0.900567014,-0.593270366
District Manager,Heart_of_Darkness,1,2,1,1,5,1.5,4,3,2,0.372194443,-1.431135301,-0.519299483,-0.666930943,-1.504927917
Dolge Orlick,Great_Expectations,1,2,1,1,2,1,1.75,1.25,1.75,-1.313515806,-1.691931664,-1.808065179,-1.764179513,-1.656870842
Dolly Longstaffe,The_Way_We_Live_Now,1,1,2,1,5.5,6.5,1.5,5.5,2,0.653146152,1.176828333,-1.951261367,0.900567014,-1.504927917
Dorian Gray,The_Picture_of_Dorian_Grey,1,1,1,1,5.336346154,3.048076923,3.586346154,3.682307692,5.797884615,0.561188497,-0.623669637,-0.756234099,-0.239124577,0.803318874
Dorothea Brooke,Middlemarch,2,1,1,2,3.775,5.84975,6.225,4.375,6.19975,-0.316137242,0.837662663,0.755146594,0.195192933,1.047561282
Dr.Henry Jekyll,The_Strange_Case_of_Dr_Jekyll_and_Mr_Hyde,1,,,1,3.333333333,3.333333333,5.333333333,4.333333333,7,-0.564311251,-0.474881968,0.244413522,0.169067967,1.533930585
Dr. John Watson,The_Hound_of_the_Baskervilles,1,1,2,1,5.333333333,6.333333333,6.166666667,3.833333333,4.166666667,0.559495582,1.089896212,0.72173415,-0.144431624,-0.188089232
Dr. Seward,Dracula,1,1,2,1,3.5,5.5,7,5.5,6.5,-0.470660681,0.655235607,1.199054778,0.900567014,1.230044735
Dr. Tertius Lydgate,Middlemarch,1,1,1,2,4.7,5.1,5.6,4.6,5.7,0.203623418,0.446598516,0.397156123,0.336267749,0.743827375
Dr. Van Helsing,Dracula,1,1,2,1,3.9,4.6,7,6,6.1,-0.245899315,0.185802152,1.199054778,1.214066605,0.986936055
Drusilla Clack,The_Moonstone,2,1,2,1,5.5,1.75,3.5,2.75,3.25,0.653146152,-1.300737119,-0.80569186,-0.823680739,-0.745213291
Drusilla Fawley,Jude_the_Obscure,2,1,2,1,3.5,7,7,7,1,-0.470660681,1.437624697,1.199054778,1.841065788,-2.112699617
Ebenezer Balfour,Kidnapped,1,2,1,1,4,1.5,4,4,3,-0.189708973,-1.431135301,-0.519299483,-0.03993176,-0.897156216
Edgar Linton,wuthering_heights,1,,,2,1.5,3.5,7,4,3.5,-1.594467515,-0.387949847,1.199054778,-0.03993176,-0.593270366
Edmund Bertram,Mansfield_Park,1,1,2,2,2.75,6.25,5.5,5,4.5,-0.892088244,1.046430152,0.339877647,0.587067423,0.014501334
Edward (Teddy) Ponderevo,Tono_Bungay,1,1,2,1,7,4,4,3,7,1.496001277,-0.127153484,-0.519299483,-0.666930943,1.533930585
Edward Hyde,The_Strange_Case_of_Dr_Jekyll_and_Mr_Hyde,1,2,1,1,5.625,1.125,1.25,2,3.25,0.723384079,-1.626732573,-2.094457556,-1.293930126,-0.745213291
Edward Rochester,jane_eyre,1,1,2,2,4.157142857,3.071428571,5.042285714,3.657142857,5.814285714,-0.101409865,-0.611489587,0.077705883,-0.254902909,0.813286998
Edward Waverley,Waverley,1,1,1,1,4.25,6.25,3.5,4.25,4.75,-0.049233119,1.046430152,-0.80569186,0.116818036,0.166444259
Edward Weston,Agnes_Grey,1,1,2,2,3.5,7,5.5,5.5,3.5,-0.470660681,1.437624697,0.339877647,0.900567014,-0.593270366
EdwinReardon,New_Grub_Street,1,1,1,1,1.375,6,7,1.375,5,-1.664705442,0.91603197,1.199054778,-1.685804615,0.318387185
EffieDeans,The_Heart_of_Mid_Lothian,2,1,2,1,5,4.5,2,3,4,0.372194443,0.13364288,-1.66486899,-0.666930943,-0.289384516
EleanorHarding,The_Warden,2,1,1,1,5.5,5.5,4.75,4.75,4.75,0.653146152,0.655235607,-0.089710918,0.430317627,0.166444259
EleanorTilney,Northanger_Abbey,2,1,2,2,3.5,5,6.5,5,4.5,-0.470660681,0.394439243,0.912662401,0.587067423,0.014501334
ElinorDashwood,sense_and_sensibilities,2,1,1,2,2.45,5.9,6.9,6.4,4.6,-1.060659269,0.863872697,1.141776303,1.464866278,0.075278504
ElizabethBennet.,pride_and_prejudice,2,1,1,2,5.543209877,5.175925926,6.302469136,5.580246914,5.932037037,0.677425929,0.486200927,0.799519734,0.950881763,0.884852919
ElizabethLavenzaFrankenstein,Frankenstein_or_the_Modern_Prometheus,2,1,2,2,3.75,4.5,5.5,2.5,2,-0.330184827,0.13364288,0.339877647,-0.980430534,-1.504927917
EllenDean(NellyDean),wuthering_heights,2,1,2,2,3.333333333,5.5,6,6.5,4.333333333,-0.564311251,0.655235607,0.626270024,1.527566197,-0.086793949
Emily(alsoknownasLittleEm?y),David_Copperfield,2,1,1,1,4,4,4,3.5,5.5,-0.189708973,-0.127153484,-0.519299483,-0.353431352,0.622273035
EmmaWoodhouse,Emma,2,1,1,2,6.439054054,4.253175676,4.506621622,4.594391892,5.520067568,1.180803833,0.004901107,-0.229114342,0.33275147,0.634469534
ErmengardeSt.John,A_Little_Princess,2,1,2,2,4.25,5.75,1.75,2.5,2.5,-0.049233119,0.785633788,-1.808065179,-0.980430534,-1.201042066
Estella,Great_Expectations,2,,,1,1,1.5,4.5,4,4,-1.875419223,-1.431135301,-0.232907106,-0.03993176,-0.289384516
EstherSummerson,Bleak_House,2,1,1,1,2,6.5,6.75,5,4.416666667,-1.313515806,1.176828333,1.055858589,0.587067423,-0.036146307
EstherWaters,Esther_Waters,2,1,1,1,3.5,6,6.5,4.5,2.5,-0.470660681,0.91603197,0.912662401,0.273567831,-1.201042066
EustaciaVye,Return_of_the_Native,2,1,1,1,6,1.5,5.25,2.25,5.25,0.93409786,-1.431135301,0.196681459,-1.13718033,0.47033011
EzraJennings,The_Moonstone,1,1,2,1,2,5.25,4.75,3.5,6,-1.313515806,0.524837425,-0.089710918,-0.353431352,0.926158885
EzraLapidoth(alsoknownasMordecai),Daniel_Deronda,1,1,2,2,7,5,7,3.5,7,1.496001277,0.394439243,1.199054778,-0.353431352,1.533930585
Fagin,oliver_twist,1,2,1,1,6.5,2,5,1.5,5.5,1.215049568,-1.170338937,0.053485271,-1.607429717,0.622273035
FancyDay,Under_the_Greenwood_Tree,2,1,2,1,5,4.5,4.25,3.75,4.75,0.372194443,0.13364288,-0.376103295,-0.196681556,0.166444259
FannyDashwood,sense_and_sensibilities,2,2,1,2,5.5,1,6,2.5,3,0.653146152,-1.691931664,0.626270024,-0.980430534,-0.897156216
FannyPrice,mansfield_park,2,1,1,2,1.333055556,5.443888889,6.5275,3.221666667,3.610555556,-1.688274169,0.625968459,0.928413982,-0.527946124,-0.526077828
FannyRobin,,2,2,2,1,1,6.5,2,3.5,2,-1.875419223,1.176828333,-1.66486899,-0.353431352,-1.504927917
FelixYoung,,1,1,2,1,6.25,4,3.25,4.75,6.25,1.074573714,-0.127153484,-0.948888048,0.430317627,1.07810181
FerdinandLopez,,1,2,1,1,7,3.5,5,4,3.5,1.496001277,-0.387949847,0.053485271,-0.03993176,-0.593270366
FestusDerriman,,1,,,1,6.5,1,1.5,2,4,1.215049568,-1.691931664,-1.951261367,-1.293930126,-0.289384516
FitzwilliamDarcy,,1,1,1,2,1.466666667,3.3,6.733166667,5.733333333,4.233333333,-1.613197629,-0.492268392,1.046216713,1.046866823,-0.147571119
FloraMacIvor,,2,,,1,6.5,1.5,7,4,5.5,1.215049568,-1.431135301,1.199054778,-0.03993176,0.622273035
FlorenceDombey,,2,1,1,1,2.833333333,6.833333333,5.666666667,4.5,5.5,-0.845262959,1.350692576,0.435341773,0.273567831,0.622273035
FrankChurchill,Emma,1,1,2,2,6.833333333,4.333333333,1.5,3.5,5.333333333,1.402350707,0.046710759,-1.951261367,-0.353431352,0.520977751
FreddyHoneychurch,,1,1,2,1,5.5,4.5,2.5,6.5,6.5,0.653146152,0.13364288,-1.378476614,1.527566197,1.230044735
FrederickFairlie,,1,2,1,1,3.166666667,1,3.5,1,3.5,-0.65796182,-1.691931664,-0.80569186,-1.920929308,-0.593270366
FrederickLawrence,,1,1,2,2,4,6.5,3,4.5,6,-0.189708973,1.176828333,-1.092084237,0.273567831,0.926158885
FrederickWinterbourne,,1,1,2,1,2.5,2,6.5,6.5,1.5,-1.032564098,-1.170338937,0.912662401,1.527566197,-1.808813767
FredVincy,,1,1,2,2,6,5.5,1,3,5.5,0.93409786,0.655235607,-2.237653744,-0.666930943,0.622273035
GabrielBetteredge,,1,1,2,1,5.25,5.25,6.75,4,2,0.512670298,0.524837425,1.055858589,-0.03993176,-1.504927917
GabrielJohnUtterson,,1,1,1,1,2.5,5,6,6,2,-1.032564098,0.394439243,0.626270024,1.214066605,-1.504927917
GabrielOak,,1,1,1,1,3.625,6,6.875,6.12375,4.625,-0.400422754,0.91603197,1.127456684,1.291657754,0.090472797
Gagool,,2,2,1,1,4.5,1,5.5,3,2.75,0.091242735,-1.691931664,0.339877647,-0.666930943,-1.049099141
GeordieRobertson(alsoknownasGeorgeStaunt,,1,2,1,1,6.25,1,1.75,2.5,7,1.074573714,-1.691931664,-1.808065179,-0.980430534,1.533930585
GeorgeArthur,,1,1,2,1,1,6.5,7,4.5,6,-1.875419223,1.176828333,1.199054778,0.273567831,0.926158885
GeorgeEmerson,,1,1,2,1,4.75,5.25,3.75,3.75,7,0.231718589,0.524837425,-0.662495672,-0.196681556,1.533930585
GeorgeKnightley,,1,1,2,2,3.6,4.766666667,6.266333333,5.532666667,4.4,-0.41447034,0.272734274,0.778821697,0.921048987,-0.046275836
GeorgeOsborne,,1,1,2,1,6.5,3.5,2,4,3.5,1.215049568,-0.387949847,-1.66486899,-0.03993176,-0.593270366
GeorgePonderevo,,1,1,2,1,5.5,4.5,4.5,5,7,0.653146152,0.13364288,-0.232907106,0.587067423,1.533930585
GeorgeRouncewell,,1,1,1,1,3.5,6.5,5,4.5,5.5,-0.470660681,1.176828333,0.053485271,0.273567831,0.622273035
GeorgeTalboys,,1,,,2,1.5,5.5,1,3,1.5,-1.594467515,0.655235607,-2.237653744,-0.666930943,-1.808813767
GeorgeVavasor,,1,2,1,1,4.5,1.5,2,1.5,5,0.091242735,-1.431135301,-1.66486899,-1.607429717,0.318387185
GeraldScales,,1,2,1,1,7,2.495,2.495,2.5,6,1.496001277,-0.912150537,-1.381340537,-0.980430534,0.926158885
GerardEliason(alsoknownasBrotherClement),,1,1,1,1,4,5.5,6,2.5,6,-0.189708973,0.655235607,0.626270024,-0.980430534,0.926158885
GertrudeMorel,,2,1,2,1,5,1.5,6.5,2.5,6.5,0.372194443,-1.431135301,0.912662401,-0.980430534,1.230044735
GertrudeWentworth,,2,1,2,1,5.5,4,4,2.5,5.5,0.653146152,-0.127153484,-0.519299483,-0.980430534,0.622273035
GilbertMarkham,,1,,,2,3.5,5,4.25,3,5.25,-0.470660681,0.394439243,-0.376103295,-0.666930943,0.47033011
GinevraFanshawe,,2,1,2,2,6,1,3.5,2.5,4,0.93409786,-1.691931664,-0.80569186,-0.980430534,-0.289384516
Giovanelli,,1,1,2,1,7,6,5,5.5,4.5,1.496001277,0.91603197,0.053485271,0.900567014,0.014501334
GodfreyAblewhite,,1,2,1,1,5,3,2,1.5,1.5,0.372194443,-0.64874621,-1.66486899,-1.607429717,-1.808813767
GodwinPeak,,1,1,1,1,3.5,4,7,6.5,6.5,-0.470660681,-0.127153484,1.199054778,1.527566197,1.230044735
GracePoole,,2,1,2,2,1.833333333,2.5,3.166666667,5.166666667,2.166666667,-1.407166376,-0.909542574,-0.996620111,0.691567286,-1.403632633
Griffin,,1,1,1,1,3,1,4,1.5,6.5,-0.75161239,-1.691931664,-0.519299483,-1.607429717,1.230044735
GwendolenHarleth,,2,1,1,2,5.833333333,3.5,4.166666667,2.833333333,5.166666667,0.840447291,-0.387949847,-0.423835358,-0.771430807,0.419682468
HaretonEarnshaw,wuthering_heights,1,,,2,4,2.25,3,2.5,3.75,-0.189708973,-1.039940756,-1.092084237,-0.980430534,-0.441327441
HaroldSkimpole,,1,,,1,6.5,1,1,4,2,1.215049568,-1.691931664,-2.237653744,-0.03993176,-1.504927917
HarrietBeadle(alsoknownasTattycoram),,2,1,2,1,3.5,3,3,2,6,-0.470660681,-0.64874621,-1.092084237,-1.293930126,0.926158885
HarrietSmith,Emma,2,1,2,2,3.333333333,6.333333333,3,2.833333333,3.166666667,-0.564311251,1.089896212,-1.092084237,-0.771430807,-0.795860933
HarryConingsby,,1,1,1,1,6.5,6,7,5.5,7,1.215049568,0.91603197,1.199054778,0.900567014,1.533930585
HarveyCheyne,,1,1,1,1,4.5,2.5,4.5,2,4,0.091242735,-0.909542574,-0.232907106,-1.293930126,-0.289384516
Heathcliff,wuthering_heights,1,1,1,2,2.769038462,1.75,5.096153846,2.442307692,5.076923077,-0.881390467,-1.300737119,0.108560728,-1.016603564,0.365138854
HelenBurns,,2,1,2,2,1.166666667,6.166666667,5.5,6.833333333,5.666666667,-1.781768654,1.002964091,0.339877647,1.736565924,0.723568318
Helen Graham (Helen Huntingdon),The_Tenant_of_Wildfell_Hall,2,1,1,2,2.0625,4.375,6.8125,4,5.4375,-1.278396843,0.068443789,1.091657637,-0.03993176,0.584287303
HelenSchlegel,,2,1,2,1,6.5,5,3,2.666666667,6.666666667,1.215049568,0.394439243,-1.092084237,-0.875930671,1.331340018
HenryEsmond,,1,1,1,1,4.5,5,6.5,6,6,0.091242735,0.394439243,0.912662401,1.214066605,0.926158885
HenryPelham,,1,1,1,1,5.5,4,5.5,5,5,0.653146152,-0.127153484,0.339877647,0.587067423,0.318387185
HenryTilney,Northanger_Abbey,1,1,2,2,5.25,6.25,6.5,6.25,5.5,0.512670298,1.046430152,0.912662401,1.370816401,0.622273035
HenryWilcox,,1,1,2,1,2.5,2,7,2.5,2.5,-1.032564098,-1.170338937,1.199054778,-0.980430534,-1.201042066
HenryWoodhouse(Emma?father),Emma,1,1,2,2,3.25,4.5625,2.8125,1.375,2.5,-0.611136536,0.166242425,-1.199481378,-1.685804615,-1.201042066
HerbertPocket,,1,1,2,1,5.5,7,4,7,3.5,0.653146152,1.437624697,-0.519299483,1.841065788,-0.593270366
Hester(Hetty)Sorrel,,2,,,2,4.5,5,3,3.5,3.666666667,0.091242735,0.394439243,-1.092084237,-0.353431352,-0.491975083
HumptyDumpty,,1,,,1,6.5,1.25,6.25,5.75,3.5,1.215049568,-1.561533482,0.769466213,1.05731681,-0.593270366
InspectorBucket,,1,,,1,2,5,7,7,4,-1.313515806,0.394439243,1.199054778,1.841065788,-0.289384516
IreneHeronForsyte,,2,1,2,1,2.5,7,7,5,7,-1.032564098,1.437624697,1.199054778,0.587067423,1.533930585
IsabelArcher,,2,1,1,1,5.1,4.25,4.9495,4.3495,5.7,0.428384785,0.003244698,0.02455964,0.179204454,0.743827375
IsabellaKnightley,,2,1,2,2,4.75,4.75,3.25,1.75,2.25,0.231718589,0.264041061,-0.948888048,-1.450679921,-1.352984991
IsabellaLinton,wuthering_heights,2,1,2,2,6,4,3.5,2.5,2.5,0.93409786,-0.127153484,-0.80569186,-0.980430534,-1.201042066
IsabellaThorpe,,2,,,2,6.125,2.25,2.75,3,4.5,1.004335787,-1.039940756,-1.235280425,-0.666930943,0.014501334
JackyBast,,2,2,2,1,5,6,2,2.5,1,0.372194443,0.91603197,-1.66486899,-0.980430534,-2.112699617
JamesDurie,,1,2,1,1,7,1,4,6.5,7,1.496001277,-1.691931664,-0.519299483,1.527566197,1.533930585
James Steerforth,david_copperfield,1,1,2,1,6.25,3.5,3,3.75,5,1.074573714,-0.387949847,-1.092084237,-0.196681556,0.318387185
JamesVane,,1,2,2,1,2.5,1.5,6,2.5,5,-1.032564098,-1.431135301,0.626270024,-0.980430534,0.318387185
Jane Bennet,pride_and_prejudice,2,1,2,2,3.111111111,6.888888889,6.111111111,4.555555556,2.944444444,-0.689178677,1.379669949,0.689912775,0.308401119,-0.930921311
JaneEyre,,2,1,1,2,2.301470588,5.147058824,6.610220588,4.669117647,5.801397059,-1.144118453,0.471144056,0.975795074,0.379604458,0.805453638
JaneFairfax,Emma,2,1,2,2,1.05,5.45,6.75,3.95,4.7,-1.847324052,0.62915597,1.055858589,-0.071281719,0.136055674
JarvisLorry,,1,1,2,1,3,6,7,7,3.5,-0.75161239,0.91603197,1.199054778,1.841065788,-0.593270366
JeanieDeans,,2,1,1,1,2.5,7,7,3,6,-1.032564098,1.437624697,1.199054778,-0.666930943,0.926158885
JemWilson,,1,1,2,2,2,6,5.5,5.5,2.5,-1.313515806,0.91603197,0.339877647,0.900567014,-1.201042066
Jim,,1,1,1,1,1.75,5,4,2.75,5.75,-1.453991661,0.394439243,-0.519299483,-0.823680739,0.77421596
JimHawkins,,1,1,1,1,4.25,6,5.25,3.75,5.5,-0.049233119,0.91603197,0.196681459,-0.196681556,0.622273035
Jo,,1,,,1,2.75,6,6.25,3.75,5.25,-0.892088244,0.91603197,0.769466213,-0.196681556,0.47033011
JoeGargery,,1,1,2,1,1.5,7,6,6.833333333,3.166666667,-1.594467515,1.437624697,0.626270024,1.736565924,-0.795860933
JohnBarton,,1,,,2,3.5,2.5,3.5,2,4.5,-0.470660681,-0.909542574,-0.80569186,-1.293930126,0.014501334
JohnChester,,1,2,1,1,3,2,7,7,5,-0.75161239,-1.170338937,1.199054778,1.841065788,0.318387185
JohnDashwood,,1,2,1,2,3,1.5,5.5,4,2,-0.75161239,-1.431135301,0.339877647,-0.03993176,-1.504927917
JohnGrey,,1,1,2,1,4.495,6.5,7,7,1,0.088433218,1.176828333,1.199054778,1.841065788,-2.112699617
JohnHarmon(alsoknownasJuliusHandfordand,,1,1,1,1,3.5,4.25,7,4.5,4.75,-0.470660681,0.003244698,1.199054778,0.273567831,0.166444259
JohnJarndyce,,1,1,2,1,3.5,6.833333333,5.666666667,4,4.833333333,-0.470660681,1.350692576,0.435341773,-0.03993176,0.217091901
JohnKnightley,,1,1,2,2,2,2.5,6,2.5,2,-1.313515806,-0.909542574,0.626270024,-0.980430534,-1.504927917
JohnThornton,,1,1,2,2,2.166666667,4.333333333,7,4.498333333,5.333333333,-1.219865237,0.046710759,1.199054778,0.272522833,0.520977751
JohnWemmick,,1,1,2,1,4.5,6.25,4.5,3.7475,7,0.091242735,1.046430152,-0.232907106,-0.198249054,1.533930585
JohnWilloughby,,1,,,2,7,4.75,1.25,3.75,6.5,1.496001277,0.264041061,-2.094457556,-0.196681556,1.230044735
JonathanHarker,,1,,,1,6,6.5,6.5,3.125,5.375,0.93409786,1.176828333,0.912662401,-0.588556045,0.546301572
Joseph,,1,,,2,3.25,1,5.75,4.25,2,-0.611136536,-1.691931664,0.483073836,0.116818036,-1.504927917
JudeFawley,,1,1,1,1,3.166666667,5.055555556,5.722222222,3.277777778,6,-0.65796182,0.423416617,0.467163148,-0.492764503,0.926158885
JuliaMannering,,2,1,2,1,6.5,4,3.5,4.5,4.75,1.215049568,-0.127153484,-0.80569186,0.273567831,0.166444259
JuneForsyte,,2,1,2,1,4.5,7,6,5.5,6,0.091242735,1.437624697,0.626270024,0.900567014,0.926158885
JustineMoritz,,2,,,2,2.5,7,4,3,2,-1.032564098,1.437624697,-0.519299483,-0.666930943,-1.504927917
KateCroy,,2,,,1,4.5,3.75,7,5.5,6.5,0.091242735,-0.257551665,1.199054778,0.900567014,1.230044735
KatePayton,,2,1,1,1,6,4,4,3.5,6,0.93409786,-0.127153484,-0.519299483,-0.353431352,0.926158885
Kimball(Kim)O?ara,,1,1,1,1,5.5,6.5,6,6,6.75,0.653146152,1.176828333,0.626270024,1.214066605,1.38198766
Kurtz,,1,2,1,1,4.712857143,2.855714286,4.997857143,4.141428571,5.712142857,0.210847891,-0.72400459,0.052257875,0.048743839,0.75120746
Kurtz?fianc?,,2,,,1,2.833333333,4.666666667,5,4.833333333,2.666666667,-0.845262959,0.220575001,0.053485271,0.482567559,-1.099746783
LadyBertram,,2,2,1,2,5.5,2.5,5.5,3,3.5,0.653146152,-0.909542574,0.339877647,-0.666930943,-0.593270366
LadyCarbury,,2,1,2,1,6.25,3,4.5,2.5,4.25,1.074573714,-0.64874621,-0.232907106,-0.980430534,-0.137441591
LadyCatherinedeBourgh,pride_and_prejudice,2,2,1,2,3.5,1,5.25,2.75,3,-0.470660681,-1.691931664,0.196681459,-0.823680739,-0.897156216
LadyDelacour,,2,1,2,2,7,2,7,3.5,7,1.496001277,-1.170338937,1.199054778,-0.353431352,1.533930585
LadyGlencoraMcCluskie,,2,1,1,1,6.5,4.5,3.5,2.75,3,1.215049568,0.13364288,-0.80569186,-0.823680739,-0.897156216
LadyHonoriaDedlock,,2,1,2,1,1.333333333,5,6.333333333,5.5,4,-1.688118084,0.394439243,0.817198275,0.900567014,-0.289384516
LadyRussell,,2,1,2,2,2,4,7,5.5,1.5,-1.313515806,-0.127153484,1.199054778,0.900567014,-1.808813767
LadyVerinder,,2,1,1,1,5.5,4,5.5,6.5,5,0.653146152,-0.127153484,0.339877647,1.527566197,0.318387185
LambertStrether,,1,1,1,1,1.5,6.5,5.5,6.5,7,-1.594467515,1.176828333,0.339877647,1.527566197,1.533930585
LaSignoraMadelineVeseyNeroni,,2,2,1,1,6.75,2.5,4.5,5.25,6.5,1.355525423,-0.909542574,-0.232907106,0.743817218,1.230044735
LauraEdmonstone,,2,2,2,2,3.495,3,2.5,2,4.5,-0.473470199,-0.64874621,-1.378476614,-1.293930126,0.014501334
LauraFairlie,,2,1,2,1,1,5.5,2.5,1,1,-1.875419223,0.655235607,-1.378476614,-1.920929308,-2.112699617
LeonardBast,,1,1,2,1,2.75,3.833333333,4.083333333,1.833333333,5,-0.892088244,-0.214085605,-0.47156742,-1.398429989,0.318387185
LiliaHerriton,,2,1,1,1,6.25,6.25,1,3.25,7,1.074573714,1.046430152,-2.237653744,-0.510181147,1.533930585
Lilian(Lily)Dale,,2,1,1,1,6.5,6.75,7,6,6,1.215049568,1.307226515,1.199054778,1.214066605,0.926158885
LintonHeathcliff,,1,2,2,2,2.5,1,2.5,1,3.5,-1.032564098,-1.691931664,-1.378476614,-1.920929308,-0.593270366
LittleFatherTime,,1,1,2,1,2,4.25,4.75,1.75,4.25,-1.313515806,0.003244698,-0.089710918,-1.450679921,-0.137441591
LittleNell?grandfather,,1,,,1,4,1.5,1,1,1.5,-0.189708973,-1.431135301,-2.237653744,-1.920929308,-1.808813767
LizzieEustace,,2,,,1,7,1.5,3.25,2.25,4.75,1.496001277,-1.431135301,-0.948888048,-1.13718033,0.166444259
LongJohnSilver,,1,2,1,1,5.8,2.7,4.5,3.5,4.9,0.821717177,-0.805224028,-0.232907106,-0.353431352,0.257610015
LordDorincourt,,1,1,2,2,2,1,6.5,3,4.5,-1.313515806,-1.691931664,0.912662401,-0.666930943,0.014501334
LordHenryWotton,,1,1,2,1,6.357142857,2.142857143,5.142857143,5.928571429,6.285714286,1.134777652,-1.095825691,0.135311664,1.169280949,1.099807942
LordJohnRoxton,,1,1,2,1,4.5,4.5,4.5,4.5,4,0.091242735,0.13364288,-0.232907106,0.273567831,-0.289384516
LottieLegh,,2,1,2,2,5,3,2.5,2,4.5,0.372194443,-0.64874621,-1.378476614,-1.293930126,0.014501334
LouisaGradgrind,,2,,,1,2.5,6,5.25,3,6.25,-1.032564098,0.91603197,0.196681459,-0.666930943,1.07810181
LucieManette,,2,,,1,3,6.75,6.5,3.25,2.25,-0.75161239,1.307226515,0.912662401,-0.510181147,-1.352984991
LucillaMarjoribanks,,2,1,1,2,6.5,6,6.5,6.5,7,1.215049568,0.91603197,0.912662401,1.527566197,1.533930585
LucyGraham(a,,2,,,2,5.681818182,2.590909091,4.318181818,2.636363636,5.454545455,0.755310409,-0.862125053,-0.337049789,-0.894930646,0.594647048
LucyHoneychurch,,2,1,1,1,5.8125,5.125,4.125,3.8125,6.375,0.82874097,0.459638334,-0.447701389,-0.157494107,1.154073273
LucySnowe,villette,2,1,1,2,1.333333333,3.880952381,6.523809524,3.380952381,5.714285714,-1.688118084,-0.189247856,0.926300133,-0.428074111,0.752509828
LucySteele,sense_and_sensibilities.book,2,1,2,2,4.5,4,4.5,4.5,3.5,0.091242735,-0.127153484,-0.232907106,0.273567831,-0.593270366
LucyWestenra,,2,1,2,1,6.833333333,4.666666667,2.666666667,3.666666667,6.333333333,1.402350707,0.220575001,-1.283012488,-0.248931488,1.128749452
LudwigHoraceHolly,,1,1,1,1,2,2.5,6,3.5,4,-1.313515806,-0.909542574,0.626270024,-0.353431352,-0.289384516
LydiaBennet,pride_and_prejudice,2,1,2,2,6.75,1.833333333,2.249166667,2.583333333,4.75,1.355525423,-1.257271058,-1.522150123,-0.928180602,0.166444259
LydiaGwilt,,2,2,1,1,5.166666667,2.666666667,6.166666667,3.333333333,6.166666667,0.465845013,-0.822610453,0.72173415,-0.457931215,1.027454168
MadameBeck,,2,2,1,2,4,1.5,6.5,6.5,4.5,-0.189708973,-1.431135301,0.912662401,1.527566197,0.014501334
MadameMarieMaxGoesler,,2,1,2,1,4,5,6,5.5,6.5,-0.189708973,0.394439243,0.626270024,0.900567014,1.230044735
MadameMerle,,2,2,1,1,4,3.5,7,2.5,4.5,-0.189708973,-0.387949847,1.199054778,-0.980430534,0.014501334
MadameTh??eDefarge,,2,2,1,1,5,1,4.75,2.25,3.75,0.372194443,-1.691931664,-0.089710918,-1.13718033,-0.441327441
MaggieTulliver,,2,1,1,2,4.5,5.666666667,4.5,2.5,6.166666667,0.091242735,0.742167728,-0.232907106,-0.980430534,1.027454168
MaggieVerver,,2,1,1,1,4,6.25,5.5,4.75,4,-0.189708973,1.046430152,0.339877647,0.430317627,-0.289384516
MaisieFarange,,2,1,1,1,2.833333333,6,5.833333333,5.166666667,5.333333333,-0.845262959,0.91603197,0.530805899,0.691567286,0.520977751
MargaretHale,,2,1,1,2,4.1,6,6.3,5.5,6.3,-0.133518632,0.91603197,0.79810545,0.900567014,1.108490395
MargaretMackenzie,,2,1,1,1,2.5,6.2475,6.2475,5,3.9975,-1.032564098,1.04512617,0.768034251,0.587067423,-0.290903945
MargaretSchlegel,,2,1,1,1,6.333333333,5.5,6.5,4.833333333,5.833333333,1.121398999,0.655235607,0.912662401,0.482567559,0.824863602
MariaCrawford,mansfield_park,2,2,1,2,6.833333333,3.666666667,2.5,4.166666667,5,1.402350707,-0.301017726,-1.378476614,0.064568104,0.318387185
MariaGostrey,,2,1,2,1,3.5,7,7,7,7,-0.470660681,1.437624697,1.199054778,1.841065788,1.533930585
MariaMinchin,,2,2,1,2,5,1.166666667,4.666666667,3,2.166666667,0.372194443,-1.604999543,-0.137442981,-0.666930943,-1.403632633
MarianHalcombe,,2,1,1,1,6.166666667,5.75,6.583333333,6.416666667,6.333333333,1.02774843,0.785633788,0.960394464,1.475316265,1.128749452
MarianneDashwood,sense_and_sensibilities.book,2,1,1,2,6.75,4.125,1.6875,2.06125,7,1.355525423,-0.061954393,-1.843864226,-1.255526426,1.533930585
MariaTemple,,2,1,2,2,4,4,7,7,6.5,-0.189708973,-0.127153484,1.199054778,1.841065788,1.230044735
MarieMelmott,,2,2,2,1,6,4.5,4.5,1.5,6.5,0.93409786,0.13364288,-0.232907106,-1.607429717,1.230044735
Marlow,,1,1,1,1,3.222222222,4.583333333,6.277777778,4.805555556,5.638888889,-0.626744964,0.17710894,0.7853769,0.465150915,0.706685771
MarthaSowerby,,2,1,2,2,6,6.5,6.5,7,4.5,0.93409786,1.176828333,0.912662401,1.841065788,0.014501334
MaryBarton,,2,1,1,2,4.4,5.399,4.9,3.6,4.9,0.035052393,0.602554741,-0.003793205,-0.290731433,0.257610015
MaryDouglas,,2,1,1,2,2,7,6.5,4.5,3,-1.313515806,1.437624697,0.912662401,0.273567831,-0.897156216
MaryGarth,,2,1,2,2,4,5.5,6,6,2.5,-0.189708973,0.655235607,0.626270024,1.214066605,-1.201042066
MaryLennox,,2,1,1,2,3.375,2.791666667,4.749583333,3.54125,5.625,-0.540898609,-0.757411362,-0.089949578,-0.327567635,0.698244497
MaudRuthyn,,2,1,1,1,1.5,7,3.5,1,4,-1.594467515,1.437624697,-0.80569186,-1.920929308,-0.289384516
MillicentHenning,,2,1,2,1,7,3,6,5,2,1.496001277,-0.64874621,0.626270024,0.587067423,-1.504927917
MinaMurray,,2,1,2,1,3.583333333,6.833333333,6.833333333,5.416666667,5.416666667,-0.423835397,1.350692576,1.103590652,0.848317082,0.571625393
MissBates,,2,1,2,2,5.7,5.75,3.9,2.95,3.2,0.765526835,0.785633788,-0.576577958,-0.698280902,-0.775601876
MissBetseyTrotwood,,2,1,2,1,6.125,4.25,6.49875,4.375,4.625,1.004335787,0.003244698,0.91194642,0.195192933,0.090472797
MissFlite,,2,1,2,1,1,7,3,1.5,3.5,-1.875419223,1.437624697,-1.092084237,-1.607429717,-0.593270366
MissHavisham,,2,2,1,1,3.221666667,1.832777778,4.333333333,2.5,3.722222222,-0.627057132,-1.257560832,-0.328371232,-0.980430534,-0.458209988
MissMarchmont,,2,1,2,2,2.5,6.5,6.5,2.5,4.5,-1.032564098,1.176828333,0.912662401,-0.980430534,0.014501334
MlleFrancesEvansHenri,,2,1,1,2,3,5.5,7,6.5,6,-0.75161239,0.655235607,1.199054778,1.527566197,0.926158885
Molly,,2,1,2,1,4,6.5,6.5,6,4,-0.189708973,1.176828333,0.912662401,1.214066605,-0.289384516
MollyGibson,,2,1,1,2,2.75,6.375,6.125,4.625,5.75,-0.892088244,1.111629242,0.697868118,0.351942729,0.77421596
MonsieurPaulEmanuel,,1,1,2,2,4.857142857,3.071428571,5.428571429,3.285714286,5.857142857,0.291922527,-0.611489587,0.298964451,-0.487788319,0.839334356
MorrisTownsend,,1,1,2,1,6,3.5,4.5,4.5,5.5,0.93409786,-0.387949847,-0.232907106,0.273567831,0.622273035
Mowgli,,1,1,1,1,5.75,4.2475,5,5.75,5.4975,0.793622006,0.001940716,0.053485271,1.05731681,0.620753605
Mr.AlfredJingle,,1,,,1,7,4,3,5.5,6.5,1.496001277,-0.127153484,-1.092084237,0.900567014,1.230044735
Mr.Bennet,,1,1,2,2,2.857142857,4.428571429,4.714285714,5.071428571,3.428571429,-0.831884306,0.096386256,-0.110167516,0.631853079,-0.63668263
Mr.Bingley,,1,1,2,2,6.25,7,5.25,5.75,4,1.074573714,1.437624697,0.196681459,1.05731681,-0.289384516
Mr.Boldwood,,1,1,1,1,1.5,5,6,1.5,3.5,-1.594467515,0.394439243,0.626270024,-1.607429717,-0.593270366
Mr.Brocklehurst,,1,2,1,2,5,1,6.25,4,1.25,0.372194443,-1.691931664,0.769466213,-0.03993176,-1.960756692
Mr.Camperdown,,1,2,1,1,4.5,1,6,5.5,1,0.091242735,-1.691931664,0.626270024,0.900567014,-2.112699617
Mr.Cheyne,,1,1,2,1,3.5,4.5,6.5,5.5,4.5,-0.470660681,0.13364288,0.912662401,0.900567014,0.014501334
Mr.Emerson(GeorgeEmerson?father),,1,1,2,1,7,5,2,4,7,1.496001277,0.394439243,-1.66486899,-0.03993176,1.533930585
Mr.Hunsden,,1,1,2,2,6.5,2,6.5,5,6.5,1.215049568,-1.170338937,0.912662401,0.587067423,1.230044735
Mr.Jaggers,,1,1,2,1,2.5,1,7,5.75,3.75,-1.032564098,-1.691931664,1.199054778,1.05731681,-0.441327441
Mr.Lockwood,,1,1,1,2,4.333333333,3.5,4,4.5,4,-0.002407834,-0.387949847,-0.519299483,0.273567831,-0.289384516
Mr.Mason,,1,2,2,2,2,3.5,7,4,1,-1.313515806,-0.387949847,1.199054778,-0.03993176,-2.112699617
Mr.Redgauntlet(alsoknownasHerriesofBirr,,1,,,1,4.5,2,6.5,2,4,0.091242735,-1.170338937,0.912662401,-1.293930126,-0.289384516
Mr.Vane,,1,1,1,1,6,4.5,6.5,6,5.5,0.93409786,0.13364288,0.912662401,1.214066605,0.622273035
Mr.Venus,,1,2,2,1,2,5,4.5,3.5,5.75,-1.313515806,0.394439243,-0.232907106,-0.353431352,0.77421596
Mr.Verloc,,1,1,1,1,4.5,3.5,5,4,3,0.091242735,-0.387949847,0.053485271,-0.03993176,-0.897156216
Mr.Weston,,1,1,2,2,7,7,3,5,4.5,1.496001277,1.437624697,-1.092084237,0.587067423,0.014501334
Mr.Wickham,,1,2,1,2,7,6,2.5,5.5,6.5,1.496001277,0.91603197,-1.378476614,0.900567014,1.230044735
Mr.WilkinsMicawber,,1,1,2,1,6.833333333,6.5,2,3.5,5.166666667,1.402350707,1.176828333,-1.66486899,-0.353431352,0.419682468
Mrs.Bennet,,2,1,2,2,6.125,2.25,2.62375,2.125,2.5,1.004335787,-1.039940756,-1.3075945,-1.215555228,-1.201042066
Mrs.Clay,,2,2,1,2,7,3.5,7,6.5,6.5,1.496001277,-0.387949847,1.199054778,1.527566197,1.230044735
Mrs.Croft,,2,1,2,2,4.5,5,6.5,6,5.5,0.091242735,0.394439243,0.912662401,1.214066605,0.622273035
Mrs.Dashwood,,2,1,2,2,5.5,6.5,2.5,2.5,5,0.653146152,1.176828333,-1.378476614,-0.980430534,0.318387185
Mrs.EdithGranger(laterEdithDombey),,2,1,2,1,3,3.25,6.75,4,6.75,-0.75161239,-0.518348029,1.055858589,-0.03993176,1.38198766
Mrs.ElinorCadwallader,,2,,,2,6.5,4.5,5.5,5.5,2.5,1.215049568,0.13364288,0.339877647,0.900567014,-1.201042066
Mrs.Errol,,2,1,2,2,3,7,5,4,3,-0.75161239,1.437624697,0.053485271,-0.03993176,-0.897156216
Mrs.FloraFinching,,2,1,2,1,7,3.5,1,2.5,1,1.496001277,-0.387949847,-2.237653744,-0.980430534,-2.112699617
Mrs.Gardiner,,2,1,2,2,5.5,7,7,7,7,0.653146152,1.437624697,1.199054778,1.841065788,1.533930585
Mrs.GeorgianaMariaGargery(alsoknownasMr,,2,1,2,1,6.25,1.25,4.75,1.5,1.25,1.074573714,-1.561533482,-0.089710918,-1.607429717,-1.960756692
Mrs.Herriton,,2,,,1,4,2,4,4,3,-0.189708973,-1.170338937,-0.519299483,-0.03993176,-0.897156216
Mrs.Jennings,,2,1,2,2,7,6,2.5,5,1.5,1.496001277,0.91603197,-1.378476614,0.587067423,-1.808813767
Mrs.Norris,,2,2,1,2,6.142857143,1,4.999285714,3,2.785714286,1.014369777,-1.691931664,0.053076139,-0.666930943,-1.027393009
Mrs.Proudie,,2,2,1,1,5.5,1.75,5.75,2,3,0.653146152,-1.300737119,0.483073836,-1.293930126,-0.897156216
Mrs.Reed,,2,2,1,2,4.833333333,1.166666667,3.5,1.666666667,1.166666667,0.278543874,-1.604999543,-0.80569186,-1.502929853,-2.011404334
Mrs.Sparsit,,2,,,1,5,1.25,4.25,4,2.5,0.372194443,-1.561533482,-0.376103295,-0.03993176,-1.201042066
Mrs.Weston(PreviouslyMissTaylor),,2,1,2,2,4,6,6,5,4.5,-0.189708973,0.91603197,0.626270024,0.587067423,0.014501334
Mrs.Wilfer(BellaWilfer?mother),,2,1,2,1,5,1,6.5,3,3,0.372194443,-1.691931664,0.912662401,-0.666930943,-0.897156216
NicholasHiggins,,1,1,2,2,6.5,3.5,6.5,4.5,5,1.215049568,-0.387949847,0.912662401,0.273567831,0.318387185
NicholasSowerby,,1,2,1,1,6.5,2.5,2,2.5,5,1.215049568,-0.909542574,-1.66486899,-0.980430534,0.318387185
Nostromo(alsoknownasGian?Battista),,1,1,1,1,6,5,7,7,6,0.93409786,0.394439243,1.199054778,1.841065788,0.926158885
OliveChancellor,,2,,,1,5.5,1.5,6.5,4.5,7,0.653146152,-1.431135301,0.912662401,0.273567831,1.533930585
OliverTwist,,1,1,1,1,4.995,4.995,3.995,4.745,4.995,0.369384926,0.391831279,-0.522163407,0.427182631,0.315348326
OsborneHamley,,1,1,1,2,2.5,4,2,1.5,5.5,-1.032564098,-0.127153484,-1.66486899,-1.607429717,0.622273035
"OziasMidwinter(theyounger,sonofAllanArm",,1,1,2,1,2,6.5,6.5,3,5.5,-1.313515806,1.176828333,0.912662401,-0.666930943,0.622273035
Penelope(Pennyloaf)Candy,,2,1,2,1,1.75,5.75,1.9975,2.5,3.75,-1.453991661,0.785633788,-1.666300952,-0.980430534,-0.441327441
PhilipBossiney,,1,1,2,1,3.25,4.75,6.25,3.25,6.25,-0.611136536,0.264041061,0.769466213,-0.510181147,1.07810181
PhilipHepburn,,1,1,1,2,1.5,5,7,3,4,-1.594467515,0.394439243,1.199054778,-0.666930943,-0.289384516
PhineasFinn,,1,1,1,1,4.5,6.5,7,5.5,6,0.091242735,1.176828333,1.199054778,0.900567014,0.926158885
Pip(alsoknownasPhilipPirrip),,1,1,1,1,4,5.111111111,3.944444444,3.777777778,5.055555556,-0.189708973,0.452393991,-0.551120858,-0.179264912,0.352152279
"PlantagenetPalliser,DukeofOmnium",,1,1,1,1,1,6,6.5,1.5,6,-1.875419223,0.91603197,0.912662401,-1.607429717,0.926158885
PollyHome(PollyMaryHomedeBassompierre),,2,1,2,2,3,4,5,1.5,3.5,-0.75161239,-0.127153484,0.053485271,-1.607429717,-0.593270366
Prendick,,1,1,1,1,2.5,4,6,2.5,4,-1.032564098,-0.127153484,0.626270024,-0.980430534,-0.289384516
PrinceAmerigo,,1,1,1,1,5.5,5.5,5.5,5.5,4,0.653146152,0.655235607,0.339877647,0.900567014,-0.289384516
PrincessCasamassima,,2,1,1,1,6.5,3.5,5.5,5.5,5,1.215049568,-0.387949847,0.339877647,0.900567014,0.318387185
Rachel,,2,2,2,1,2.5,6,6.5,3.5,2.5,-1.032564098,0.91603197,0.912662401,-0.353431352,-1.201042066
RachelRay,,2,1,1,1,5,5.495,7,6,6,0.372194443,0.652627643,1.199054778,1.214066605,0.926158885
RamDass,,1,1,2,2,4.75,7,7,7,6.25,0.231718589,1.437624697,1.199054778,1.841065788,1.07810181
Razumov,,1,1,1,1,4.5,1,6,2,3.5,0.091242735,-1.691931664,0.626270024,-1.293930126,-0.593270366
Rebecca(Becky)Sharp,,2,1,1,1,6.9375,1.75,5.3125,4.6875,6.4375,1.460882313,-1.300737119,0.232480506,0.391130178,1.192059004
RedmondBarry(alsoknownasRedmondBarryLyn,,1,1,1,1,3.5,2,1.5,4,4,-0.470660681,-1.170338937,-1.951261367,-0.03993176,-0.289384516
ReverendJeremiahMaguire,,1,2,1,1,3.5,1,5.5,3,2.5,-0.470660681,-1.691931664,0.339877647,-0.666930943,-1.201042066
ReverendPhilipElton,,1,2,1,2,5.833333333,2.833333333,4.166666667,4.333333333,2.333333333,0.840447291,-0.735678332,-0.423835358,0.169067967,-1.30233735
RhodaNunn,,2,1,1,1,4.75,2.75,7,5.25,5.5,0.231718589,-0.779144392,1.199054778,0.743817218,0.622273035
Richard(Dick)Dewy,,1,1,1,1,5.25,5,4,3.25,3,0.512670298,0.394439243,-0.519299483,-0.510181147,-0.897156216
RichardCarstone,,1,1,2,1,6,4,2.495,1.5,2,0.93409786,-0.127153484,-1.381340537,-1.607429717,-1.504927917
RichardPhillotson,,1,1,2,1,3,6,6.5,7,1,-0.75161239,0.91603197,0.912662401,1.841065788,-2.112699617
RichardSwiveller(alsoknownasDick),,1,,,1,7,5.75,1.25,4.75,6.25,1.496001277,0.785633788,-2.094457556,0.430317627,1.07810181
"RichardtheCrookback,DukeofYork",,1,,,1,5,7,7,4,7,0.372194443,1.437624697,1.199054778,-0.03993176,1.533930585
RobertActon,,1,2,2,1,3.25,3.25,5.5,4.75,4,-0.611136536,-0.518348029,0.339877647,0.430317627,-0.289384516
RobertAudley(SirMichaelAudley?nephew),,1,1,1,2,2,5,2,6,1.5,-1.313515806,0.394439243,-1.66486899,1.214066605,-1.808813767
RobertMartin,,1,1,2,2,2.5,6.5,6.5,5.833333333,4,-1.032564098,1.176828333,0.912662401,1.109566742,-0.289384516
RobertWalton,,1,1,1,2,6.5,4,4,3.5,6,1.215049568,-0.127153484,-0.519299483,-0.353431352,0.926158885
RobertWringhamColwan,,1,2,1,1,3,1,2.5,1.5,4,-0.75161239,-1.691931664,-1.378476614,-1.607429717,-0.289384516
Romolade?Bardi,,1,1,1,2,2,6.5,6,5.5,6,-1.313515806,1.176828333,0.626270024,0.900567014,0.926158885
RosaDartle,,2,2,1,1,3.5,1,5.5,1.5,7,-0.470660681,-1.691931664,0.339877647,-1.607429717,1.533930585
RosalieMurray,,2,1,2,2,7,1.5,2.5,4.5,4,1.496001277,-1.431135301,-1.378476614,0.273567831,-0.289384516
RosamondVincyLydgate,,2,,,2,4.785714286,2.071428571,4.428571429,3.928571429,3.142857143,0.251786568,-1.133082314,-0.273820303,-0.084717416,-0.810331688
Russiantraveler,,1,2,2,1,7,6.25,3.5,3.75,4.625,1.496001277,1.046430152,-0.80569186,-0.196681556,0.090472797
SaireyGamp,,2,2,2,1,7,3.5,5,2.5,5.5,1.496001277,-0.387949847,0.053485271,-0.980430534,0.622273035
SamWeller,,1,1,2,1,7,3.5,7,5,5.5,1.496001277,-0.387949847,1.199054778,0.587067423,0.622273035
SaraCrewe,,2,1,1,2,4.166666667,6,6.111111111,6,6.5,-0.096058404,0.91603197,0.689912775,1.214066605,1.230044735
SergeantCuff,,1,1,1,1,1,4,7,7,6,-1.875419223,-0.127153484,1.199054778,1.841065788,0.926158885
She(alsoknow,,2,2,1,1,6.6,1.9,4.799,3.2,4.899,1.27123991,-1.22249821,-0.061644465,-0.541531106,0.257002243
ShereKhan,,1,1,2,1,4.5,4,7,6,6.5,0.091242735,-0.127153484,1.199054778,1.214066605,1.230044735
SherlockHolmes,,1,1,1,1,3.642857143,3.214285714,5.857142857,5.428571429,5.857142857,-0.390388765,-0.53697634,0.544443631,0.855781358,0.839334356
ShirleyKeeldar,,2,1,2,2,7,4.5,2,2,7,1.496001277,0.13364288,-1.66486899,-1.293930126,1.533930585
SibylVane,,2,,,1,3.25,6.5,5,3,5.4975,-0.611136536,1.176828333,0.053485271,-0.666930943,0.620753605
SilasWegg,,1,2,1,1,5.333333333,1.666666667,5.166666667,2.833333333,4.666666667,0.559495582,-1.34420318,0.148949396,-0.771430807,0.115796618
SirBriandeBois-Guilbert,,1,2,1,1,5.5,2,5.5,6,1.5,0.653146152,-1.170338937,0.339877647,1.214066605,-1.808813767
SirHenryCurtis,,1,1,2,1,5.5,6,6.5,6,5.5,0.653146152,0.91603197,0.912662401,1.214066605,0.622273035
SirPeregrineOrme,,1,1,2,1,4,4.5,6.5,4.5,2.5,-0.189708973,0.13364288,0.912662401,0.273567831,-1.201042066
SirThomasBertram,,1,2,1,2,1.5,1.5,4.5,2.5,1.5,-1.594467515,-1.431135301,-0.232907106,-0.980430534,-1.808813767
SirWalterElliot,,1,,,2,6.5,2,3.5,3,1,1.215049568,-1.170338937,-0.80569186,-0.666930943,-2.112699617
SirWilloughbyPatterne,,1,2,1,1,4.5,2.5,6,3.5,2,0.091242735,-0.909542574,0.626270024,-0.353431352,-1.504927917
SoamesForsyte,,1,,,1,1,3,7,2.5,1.5,-1.875419223,-0.64874621,1.199054778,-0.980430534,-1.808813767
SophiaBaines,,2,1,1,1,7,3.5,7,6.5,7,1.496001277,-0.387949847,1.199054778,1.527566197,1.533930585
SophroniaLammle,,2,2,2,1,6.5,2,6,5,5,1.215049568,-1.170338937,0.626270024,0.587067423,0.318387185
St.JohnRivers,,1,1,2,2,3.181363636,2.227272727,6.817727273,4.68,5.135,-0.649703543,-1.051795136,1.094651739,0.386427684,0.400436364
StephenBlackpool,,1,1,1,1,3,6.5,5,4.25,3.5,-0.75161239,1.176828333,0.053485271,0.116818036,-0.593270366
StephenGuest,,1,1,2,2,4.5,4.5,2.5,2,2.5,0.091242735,0.13364288,-1.378476614,-1.293930126,-1.201042066
StephenHargraves,,1,2,1,2,6,1,5,2,2.5,0.93409786,-1.691931664,0.053485271,-1.293930126,-1.201042066
StewartAnsell,,1,1,2,1,5,2.5,5.5,2.5,7,0.372194443,-0.909542574,0.339877647,-0.980430534,1.533930585
SueBridehead,,2,1,2,1,5.333333333,4.166666667,3,1.5,6.166666667,0.559495582,-0.040221363,-1.092084237,-1.607429717,1.027454168
SusanSowerby,,2,1,2,2,4.5,7,7,7,4.5,0.091242735,1.437624697,1.199054778,1.841065788,0.014501334
SydneyCarton,,1,1,1,1,1,7,5.495,5.495,2.495,-1.875419223,1.437624697,0.337013724,0.897432018,-1.204080925
TessDurbeyfield,,2,1,1,1,2.382058824,6.147058824,5.794117647,3.647058824,4.970294118,-1.098835648,0.992736783,0.508343751,-0.261225589,0.30033279
TheBeechTree,,2,1,2,1,1.5,7,2.5,2,4,-1.594467515,1.437624697,-1.378476614,-1.293930126,-0.289384516
TheCaterpillar,,1,2,2,1,3,2.333333333,6.166666667,4.5,4.333333333,-0.75161239,-0.996474695,0.72173415,0.273567831,-0.086793949
TheCheshireCat,,1,1,2,1,6,2.714285714,3.642857143,4.5,6.214285714,0.93409786,-0.797772704,-0.723865467,0.273567831,1.056395678
TheDuchess,,2,2,2,1,6,1,1,1.5,4.5,0.93409786,-1.691931664,-2.237653744,-1.607429717,0.014501334
TheEnglishProfessor,,1,1,2,1,2.995,7,5.495,5,4.5,-0.754421907,1.437624697,0.337013724,0.587067423,0.014501334
TheKingofHearts,,1,2,2,1,2.5,5,3.5,2.5,2,-1.032564098,0.394439243,-0.80569186,-0.980430534,-1.504927917
TheMadHatter,,1,1,1,1,5.5,3.25,1.25,3.25,4,0.653146152,-0.518348029,-2.094457556,-0.510181147,-0.289384516
TheMarchHare,,1,,,1,5.5,1,1.5,2,6,0.653146152,-1.691931664,-1.951261367,-1.293930126,0.926158885
TheMonster,,1,2,1,2,4.087941176,3.852941176,4.147058824,1.882352941,6.058823529,-0.140294526,-0.203858296,-0.435066431,-1.367694735,0.961910161
"Thenarrator(anunnamedscholar,aparticipantin",,1,1,1,1,4,5.25,5.5,3.5,5,-0.189708973,0.524837425,0.339877647,-0.353431352,0.318387185
TheQueenofHearts,,2,2,1,1,6.5,1.1,2.2,1.4,2.9,1.215049568,-1.639772391,-1.55031204,-1.670129635,-0.957933386
TheRedLama,,1,1,2,1,2,6.5,4.5,6.5,5.5,-1.313515806,1.176828333,-0.232907106,1.527566197,0.622273035
TheRedQueen,,2,1,2,1,6,1,7,6.5,2,0.93409786,-1.691931664,1.199054778,1.527566197,-1.504927917
TheReverendJosiahCrawley,,1,1,1,1,1.5,1.5,4.5,1.5,4.5,-1.594467515,-1.431135301,-0.232907106,-1.607429717,0.014501334
TheReverendMicahBalwhidder,,1,1,1,1,4,4.5,6.5,4,2.5,-0.189708973,0.13364288,0.912662401,-0.03993176,-1.201042066
TheReverendObadiahSlope,,1,2,1,1,6.666666667,1.333333333,5.333333333,3.833333333,3.333333333,1.308700138,-1.518067422,0.244413522,-0.144431624,-0.694565649
TheReverendSeptimusHarding,,1,1,1,1,2.416666667,6.5,5.583333333,2.833333333,2.333333333,-1.079389383,1.176828333,0.38760971,-0.771430807,-1.30233735
TheReverendTheophilusGrantly,,1,1,2,1,6,2.5,6.25,1.5,2.25,0.93409786,-0.909542574,0.769466213,-1.607429717,-1.352984991
TheTimeTraveller,,1,1,1,1,4.083333333,4.749166667,6.499166667,4.666666667,6.083333333,-0.142883688,0.263606401,0.91218508,0.378067695,0.976806527
TheWhiteKing,,1,1,2,1,3.5,5,4,2,5,-0.470660681,0.394439243,-0.519299483,-1.293930126,0.318387185
TheWhiteKnight,,1,1,2,1,4.1,6.4,2.7,4.4,6,-0.133518632,1.124669061,-1.263919663,0.210867913,0.926158885
TheWhiteQueen,,2,1,2,1,3.5,6,1.5,1.5,5,-0.470660681,0.91603197,-1.951261367,-1.607429717,0.318387185
TheWhiteRabbit,,1,,,1,5.415833333,2.5,4.25,1.333333333,3.833333333,0.605852614,-0.909542574,-0.376103295,-1.711929581,-0.390679799
ThomasGradgrind,,1,1,1,1,5,2.666666667,5.833333333,4.833333333,2.833333333,0.372194443,-0.822610453,0.530805899,0.482567559,-0.9984515
TitoMelema,,1,2,1,2,6,4,1.5,3,6.5,0.93409786,-0.127153484,-1.951261367,-0.666930943,1.230044735
TomBrown,,1,1,1,1,7,6,1.5,6.5,3.5,1.496001277,0.91603197,-1.951261367,1.527566197,-0.593270366
TomTulliver,,1,,,2,5.5,2.5,6,4,1.5,0.653146152,-0.909542574,0.626270024,-0.03993176,-1.808813767
Tweedldum/Tweedledee,,1,,,1,5.75,1.25,3.25,2,3.5,0.793622006,-1.561533482,-0.948888048,-1.293930126,-0.593270366
Umbopa,,1,1,2,1,5,5,6.5,5,5.5,0.372194443,0.394439243,0.912662401,0.587067423,0.622273035
VictorFrankenstein,,1,1,1,2,3.833333333,3.111111111,3.888888889,2.055555556,5.944444444,-0.283359543,-0.590791463,-0.582942234,-1.259096838,0.89239379
"WackfordSqueers,Jr.",,1,2,1,1,4.5,1,3,4,2.5,0.091242735,-1.691931664,-1.092084237,-0.03993176,-1.201042066
WalterHartright,,1,1,1,1,4.5,6.5,7,7,7,0.091242735,1.176828333,1.199054778,1.841065788,1.533930585
Weena,,2,1,2,1,5.163333333,6.666666667,3.666666667,2.333333333,4.833333333,0.463972002,1.263760454,-0.710227734,-1.084930398,0.217091901
WilfredofIvanhoe,,1,1,1,1,4.4975,4.9975,6.75,5.75,6.25,0.089837977,0.393135261,1.055858589,1.05731681,1.07810181
WilliamCollins,,1,,,2,5.818181818,2.727272727,3.5,3.181818182,2.227272727,0.831933603,-0.790998772,-0.80569186,-0.552931092,-1.366797985
WilliamCrimsworth,,1,1,1,2,2.5,4.5,5.5,5,2.5,-1.032564098,0.13364288,0.339877647,0.587067423,-1.201042066
WilliamDorrit(AmyDorrit?father),,1,1,2,1,6,1.5,1,1.5,2.5,0.93409786,-1.431135301,-2.237653744,-1.607429717,-1.201042066
WilliamElliot,,1,2,1,2,7,2,1,3.5,5,1.496001277,-1.170338937,-2.237653744,-0.353431352,0.318387185
WinifredDartie,,2,1,2,1,4.75,7,5.75,5.5,4.25,0.231718589,1.437624697,0.483073836,0.900567014,-0.137441591
WinifredHurtle,,2,2,1,1,5.75,4.5,6.5,4.75,6.5,0.793622006,0.13364288,0.912662401,0.430317627,1.230044735


